Deepak,2022-12-15T00:30:41.842561700,Pikwkw$mkz$qwsyhf$po!fmkv
Deepak,2022-12-15T00:30:52.276594800,Th}
Abemelech,2022-12-15T00:30:41.842561700,Tiqrw
Deepak,2022-12-15T00:30:54.231337900,Tl
Deepak,2022-12-15T00:31:04.379602100,Y}&ukxh%sz#jln{cl
Abemelech,2022-12-15T00:30:59.538147200,Zmil*r%wlhz'?zw
Deepak,2022-12-15T00:39:16.330041500,Pikwkw$mkz$qwsyhf$po!fmkv
Deepak,2022-12-15T00:40:19.311561800,Xsur*lw%y|u&or~vpu?
Abemelech,2022-12-15T00:39:16.330041500,U$qux?#wrmkz
Deepak,2022-12-15T00:40:29.575536500,Riks|+wtx&outo
Abemelech,2022-12-15T00:40:34.290512200,clku*?dx*{ll'ulvv$~pvf
Deepak,2022-12-15T00:40:39.451929,pst.~+h{ou#xlvpoch|
Abemelech,2022-12-15T00:40:45.403861800,n|i
Deepak,2022-12-15T00:40:50.315648300,n|i
Deepak,2022-12-15T00:40:57.518264200,Pikwkw$mkz$smp#vlp(midy
Deepak,2022-12-15T02:10:05.505896300,Pikwkw$mkz$qwsyhf$po!fmkv
Deepak,2022-12-15T02:10:09.027093,Pikwkw$mkz$smp#vlp(midy
Deepak,2022-12-15T02:29:41.350185800,Pikwkw$mkz$qwsyhf$po!fmkv
Abemelech,2022-12-15T02:45:35.563707200,Tiqrw
