Deepak,2022-12-15T00:30:52.277698100,Th}
Abemelech,2022-12-15T00:30:52.277698100,Tiqrw
Deepak,2022-12-15T00:30:54.232335,Tl
Deepak,2022-12-15T00:31:04.378601700,Y}&ukxh%sz#jln{cl
Abemelech,2022-12-15T00:30:59.538147200,Zmil*r%wlhz'?zw
Abemelech,2022-12-15T00:31:15.041834700,Mfktoxihr'lh{*whhx+|rf#hrcx
Deepak,2022-12-15T00:40:19.312862,Xsur*lw%y|u&or~vpu?
Abemelech,2022-12-15T00:40:19.312862,U$qux?#wrmkz
Deepak,2022-12-15T00:40:29.576536600,Riks|+wtx&outo
Abemelech,2022-12-15T00:40:34.291512700,clku*?dx*{ll'ulvv$~pvf
Deepak,2022-12-15T00:40:39.451929,pst.~+h{ou#xlvpoch|
Abemelech,2022-12-15T00:40:45.403861800,n|i
Deepak,2022-12-15T00:40:50.314647300,n|i
